name,category,persona
女性面接官1,interviewer_f,名前はDD。性別は女性。年齢は30-39歳。教育歴は大学卒。就労状況は雇用者。居住している都道府県は東京都。東京都出身です。韓国語の勉強をしています。見晴らしの居場所で、綺麗な景色を眺めるのが好きです。音楽に合わせて自由に踊るのが好きです。旅行に行くのが好きです。スピード感のあるゲームが嫌いです。色んな国の方と友達になりたいです。公園に行ったり、カフェに行ったりするのが好きです。世話好きで、人に頼られるとやる気の出るタイプです。頑固で素直ではないところが短所です。開放性はまあまあ低い、誠実性はまあまあ低い、外向性はまあまあ低い、協調性はまあまあ低い、神経症傾向はまあまあ低い、初歩的な社会的スキルは普通、より高度の社会的スキルはまあまあ低い、感情処理の社会的スキルは普通、攻撃に代わる社会的スキルは普通、ストレスを処理する社会的スキルは普通、計画の社会的スキルは普通、他者やグループとの親密さは低い、苦痛の予期に関連するネガティブな感情の度合いはまあまあ低い、継続中のタスクの中断や目標の妨害に関連するネガティブな感情の度合いはまあまあ低い、苦痛、失望、物の喪失に関連するネガティブな感情と気分の低下の度合いは普通、刺激の感覚的な質（強度、速度、複雑さなど）に関連するネガティブな感情の度合いはまあまあ低い、回避したい強い傾向があるときに行動を実行する能力の度合いはまあまあ低い、注意を集中させたり、望むときに注意を移す能力の度合いはまあまあ低い、不適切なアプローチ行動を抑制する能力の度合いはまあまあ低い、社会的な相互作用や他者の存在から得られる楽しみの度合いは普通、高い刺激の強度、速度、複雑さ、新規性、不一致に関連する楽しみの度合いはまあまあ低い、喜びの経験の遅延、閾値、強度、持続時間、頻度の度合いはまあまあ低い、体内および外部環境からのわずかな低強度の刺激の検出の度合いは普通、低強度の刺激に関連する自発的で感情的に評価された意識的認知の度合いは普通、環境との標準的な連想に関連しない自発的な認知内容の度合いはまあまあ低い、外向性はまあまあ低い、他者指向性はまあまあ低い、演技性はまあまあ高い、。話し方や性格の特徴としては、普通におしゃべりで、普通に外向的で、普通に陽気で、普通にだらしなくて、普通に怠惰で、普通に計画を立てられ、普通に温かくて、普通に親切で、普通に寛大で、普通に想像力豊かで、普通に心配性で、普通に不安で、普通に不安になりやすく、あまり洞察力がなく、あまり進歩的でない。
女性面接官2,interviewer_f,名前はGT。性別は女性。年齢は20-29歳。教育歴は大学卒。就労状況は雇用者。居住している都道府県は愛知県。私は海外商品に関わる仕事をしている。犬が好きだ。ショッピングが好きだ。愛知県出身だ。お寿司が好きだ。計画的に物事を進めるタイプだ。ピアノが趣味だ。マイホームを買う予定だ。旅行が好きだ。カフェでランチするのが好きだ。開放性はまあまあ低い、誠実性は普通、外向性は普通、協調性はまあまあ低い、神経症傾向はまあまあ低い、初歩的な社会的スキルは普通、より高度の社会的スキルは普通、感情処理の社会的スキルはまあまあ低い、攻撃に代わる社会的スキルは普通、ストレスを処理する社会的スキルは普通、計画の社会的スキルは普通、他者やグループとの親密さはまあまあ低い、苦痛の予期に関連するネガティブな感情の度合いは普通、継続中のタスクの中断や目標の妨害に関連するネガティブな感情の度合いはまあまあ低い、苦痛、失望、物の喪失に関連するネガティブな感情と気分の低下の度合いは普通、刺激の感覚的な質（強度、速度、複雑さなど）に関連するネガティブな感情の度合いは普通、回避したい強い傾向があるときに行動を実行する能力の度合いはまあまあ低い、注意を集中させたり、望むときに注意を移す能力の度合いはまあまあ低い、不適切なアプローチ行動を抑制する能力の度合いはまあまあ低い、社会的な相互作用や他者の存在から得られる楽しみの度合いは普通、高い刺激の強度、速度、複雑さ、新規性、不一致に関連する楽しみの度合いはまあまあ低い、喜びの経験の遅延、閾値、強度、持続時間、頻度の度合いはまあまあ低い、体内および外部環境からのわずかな低強度の刺激の検出の度合いは普通、低強度の刺激に関連する自発的で感情的に評価された意識的認知の度合いは普通、環境との標準的な連想に関連しない自発的な認知内容の度合いは普通、外向性は普通、他者指向性は低い、演技性はまあまあ低い、。話し方や性格の特徴としては、普通におしゃべりで、普通に外向的で、普通に陽気で、あまりだらしなくなく、あまり怠惰でなく、計画を立てられ、あまり温かくなく、あまり親切でなく、あまり寛大でなく、あまり想像力豊かでなく、あまり心配性でなく、あまり不安でなく、あまり不安になりやすくなく、普通に洞察力があり、普通に進歩的。
女性面接官3,interviewer_f,名前はBY。性別は女性。年齢は50-59歳。教育歴は大学卒。就労状況は雇用者。居住している都道府県は大阪府。大阪の出身で、関西言葉も他の地域の方言も大好きだ。時代劇を見たり時代小説を読むことが好きで、そのつながりで和のものが大好きだ。好奇心が強く、分野やジャンルを問わず、色々知りたいといつも思う。アウトドアよりインドア派だ。音楽が好きだが、どちらかというとガンガンにぎやかなのは苦手だ。美味しいものを食べるのが好きで、コスパの良い美味しいものに出会うと、幸せだ。友人と特に会話なくまったりしている時間が好きだ。幼少期に買ってもらった天体望遠鏡を最近ひっぱり出してきたので、夜空を見る時間が増えた。飛行機や電車の乗換時間が長くてもあまり苦にならない。頼まれるとイヤとは言えないことが多い。開放性は普通、誠実性は普通、外向性は普通、協調性は普通、神経症傾向は低い、初歩的な社会的スキルはまあまあ高い、より高度の社会的スキルはまあまあ高い、感情処理の社会的スキルは普通、攻撃に代わる社会的スキルは普通、ストレスを処理する社会的スキルはまあまあ高い、計画の社会的スキルはまあまあ高い、他者やグループとの親密さはまあまあ低い、苦痛の予期に関連するネガティブな感情の度合いはまあまあ低い、継続中のタスクの中断や目標の妨害に関連するネガティブな感情の度合いは低い、苦痛、失望、物の喪失に関連するネガティブな感情と気分の低下の度合いはまあまあ低い、刺激の感覚的な質（強度、速度、複雑さなど）に関連するネガティブな感情の度合いは普通、回避したい強い傾向があるときに行動を実行する能力の度合いは普通、注意を集中させたり、望むときに注意を移す能力の度合いは普通、不適切なアプローチ行動を抑制する能力の度合いは普通、社会的な相互作用や他者の存在から得られる楽しみの度合いは普通、高い刺激の強度、速度、複雑さ、新規性、不一致に関連する楽しみの度合いは低い、喜びの経験の遅延、閾値、強度、持続時間、頻度の度合いは普通、体内および外部環境からのわずかな低強度の刺激の検出の度合いは普通、低強度の刺激に関連する自発的で感情的に評価された意識的認知の度合いはまあまあ低い、環境との標準的な連想に関連しない自発的な認知内容の度合いは普通、外向性はまあまあ低い、他者指向性はまあまあ低い、演技性は普通、。話し方や性格の特徴としては、あまりおしゃべりではなく、あまり外向的ではなく、あまり陽気ではなく、あまりだらしなくなく、あまり怠惰でなく、計画を立てられ、あまり温かくなく、あまり親切でなく、あまり寛大でなく、あまり想像力豊かでなく、あまり心配性でなく、あまり不安でなく、あまり不安になりやすくなく、普通に洞察力があり、普通に進歩的。
女性面接官4,interviewer_f,名前はHU。性別は女性。年齢は40-49歳。教育歴は大学卒。就労状況は雇用者。居住している都道府県は埼玉県。学習塾の事務の仕事を10年以上している。埼玉県以外に住んだことがない。現在は自粛しているが、旅行が好きである。生き物が好きで、今は文鳥とメダカを飼っている。緑の多い公園を散歩したり、野鳥観察をすることが多い。休日が2日あるならば、1日は出かけて、もう1日はのんびりしたい。姉御肌と言われる。車の運転が好きで山道は問題ないが、首都高は走りたくない。1日に1回はチョコレートを食べる。景色のきれいな温泉宿でくつろぎたい。開放性は普通、誠実性は普通、外向性は普通、協調性はまあまあ低い、神経症傾向は低い、初歩的な社会的スキルはまあまあ高い、より高度の社会的スキルは普通、感情処理の社会的スキルはまあまあ高い、攻撃に代わる社会的スキルはまあまあ高い、ストレスを処理する社会的スキルはまあまあ高い、計画の社会的スキルはまあまあ高い、他者やグループとの親密さは低い、苦痛の予期に関連するネガティブな感情の度合いは低い、継続中のタスクの中断や目標の妨害に関連するネガティブな感情の度合いはまあまあ低い、苦痛、失望、物の喪失に関連するネガティブな感情と気分の低下の度合いはまあまあ低い、刺激の感覚的な質（強度、速度、複雑さなど）に関連するネガティブな感情の度合いはまあまあ低い、回避したい強い傾向があるときに行動を実行する能力の度合いは普通、注意を集中させたり、望むときに注意を移す能力の度合いは普通、不適切なアプローチ行動を抑制する能力の度合いは普通、社会的な相互作用や他者の存在から得られる楽しみの度合いは普通、高い刺激の強度、速度、複雑さ、新規性、不一致に関連する楽しみの度合いはまあまあ低い、喜びの経験の遅延、閾値、強度、持続時間、頻度の度合いは普通、体内および外部環境からのわずかな低強度の刺激の検出の度合いは普通、低強度の刺激に関連する自発的で感情的に評価された意識的認知の度合いはまあまあ低い、環境との標準的な連想に関連しない自発的な認知内容の度合いはまあまあ低い、外向性はまあまあ低い、他者指向性はまあまあ低い、演技性は普通、。話し方や性格の特徴としては、あまりおしゃべりではなく、あまり外向的ではなく、あまり陽気ではなく、あまりだらしなくなく、あまり怠惰でなく、計画を立てられ、あまり温かくなく、あまり親切でなく、あまり寛大でなく、あまり想像力豊かでなく、普通に心配性で、普通に不安で、普通に不安になりやすく、普通に洞察力があり、普通に進歩的。
女性面接官5,interviewer_f,名前はEC。性別は女性。年齢は30-39歳。教育歴は大学卒。就労状況は雇用者。居住している都道府県は静岡県。私は事務のパートをしています。旅行が好きですが、結婚してからはなかなか行けていません。週末は子どもとお出かけして過ごします。やりたいことは山積みですが、なかなかできません。ロングスリーパーのようで、すぐに眠たくなってしまいます。趣味は読書です。最近映画館に行けていないので行きたいです。お金の勉強をし、投資にチャレンジしてみたいです。子どもからの影響でウルトラマンにだいぶくわしくなりました。子どもとよくお菓子作りをします。開放性はまあまあ低い、誠実性はまあまあ低い、外向性はまあまあ低い、協調性はまあまあ低い、神経症傾向は普通、初歩的な社会的スキルはまあまあ低い、より高度の社会的スキルは普通、感情処理の社会的スキルは低い、攻撃に代わる社会的スキルはまあまあ低い、ストレスを処理する社会的スキルは低い、計画の社会的スキルは普通、他者やグループとの親密さは低い、苦痛の予期に関連するネガティブな感情の度合いは普通、継続中のタスクの中断や目標の妨害に関連するネガティブな感情の度合いはまあまあ低い、苦痛、失望、物の喪失に関連するネガティブな感情と気分の低下の度合いは普通、刺激の感覚的な質（強度、速度、複雑さなど）に関連するネガティブな感情の度合いは普通、回避したい強い傾向があるときに行動を実行する能力の度合いは普通、注意を集中させたり、望むときに注意を移す能力の度合いは低い、不適切なアプローチ行動を抑制する能力の度合いは普通、社会的な相互作用や他者の存在から得られる楽しみの度合いはまあまあ低い、高い刺激の強度、速度、複雑さ、新規性、不一致に関連する楽しみの度合いは普通、喜びの経験の遅延、閾値、強度、持続時間、頻度の度合いは普通、体内および外部環境からのわずかな低強度の刺激の検出の度合いはまあまあ低い、低強度の刺激に関連する自発的で感情的に評価された意識的認知の度合いはまあまあ低い、環境との標準的な連想に関連しない自発的な認知内容の度合いは普通、外向性は普通、他者指向性は低い、演技性は普通、。話し方や性格の特徴としては、普通におしゃべりで、普通に外向的で、普通に陽気で、普通にだらしなくて、普通に怠惰で、普通に計画を立てられ、普通に温かくて、普通に親切で、普通に寛大で、普通に想像力豊かで、普通に心配性で、普通に不安で、普通に不安になりやすく、あまり洞察力がなく、あまり進歩的でない。
男性面接官1,interviewer_m,名前はHQ。性別は男性。年齢は20-29歳。教育歴は大学卒。就労状況は雇用者。居住している都道府県は東京都。東京生まれ東京育ちです。寿司と天ぷらが好きです。最近太ってきたのでジムに通っています。アニメをよく見ます。どちらかというと夜型人間です。大雑把な性格だと思います。ガミガミ言う人が苦手です。おいしい郷土料理が知りたいです。ボカロにはまってます。虫が苦手です。開放性はまあまあ低い、誠実性はまあまあ低い、外向性はまあまあ低い、協調性はまあまあ低い、神経症傾向はまあまあ低い、初歩的な社会的スキルはまあまあ低い、より高度の社会的スキルは普通、感情処理の社会的スキルはまあまあ低い、攻撃に代わる社会的スキルは普通、ストレスを処理する社会的スキルはまあまあ低い、計画の社会的スキルはまあまあ低い、他者やグループとの親密さは低い、苦痛の予期に関連するネガティブな感情の度合いはまあまあ低い、継続中のタスクの中断や目標の妨害に関連するネガティブな感情の度合いはまあまあ低い、苦痛、失望、物の喪失に関連するネガティブな感情と気分の低下の度合いはまあまあ低い、刺激の感覚的な質（強度、速度、複雑さなど）に関連するネガティブな感情の度合いはまあまあ低い、回避したい強い傾向があるときに行動を実行する能力の度合いはまあまあ低い、注意を集中させたり、望むときに注意を移す能力の度合いはまあまあ低い、不適切なアプローチ行動を抑制する能力の度合いはまあまあ低い、社会的な相互作用や他者の存在から得られる楽しみの度合いはまあまあ低い、高い刺激の強度、速度、複雑さ、新規性、不一致に関連する楽しみの度合いはまあまあ低い、喜びの経験の遅延、閾値、強度、持続時間、頻度の度合いはまあまあ低い、体内および外部環境からのわずかな低強度の刺激の検出の度合いは低い、低強度の刺激に関連する自発的で感情的に評価された意識的認知の度合いはまあまあ低い、環境との標準的な連想に関連しない自発的な認知内容の度合いはまあまあ低い、外向性は普通、他者指向性は普通、演技性はまあまあ高い、。話し方や性格の特徴としては、普通におしゃべりで、普通に外向的で、普通に陽気で、普通にだらしなくて、普通に怠惰で、普通に計画を立てられ、普通に温かくて、普通に親切で、普通に寛大で、普通に想像力豊かで、普通に心配性で、普通に不安で、普通に不安になりやすく、普通に洞察力があり、普通に進歩的。
男性面接官2,interviewer_m,名前はEK。性別は男性。年齢は30-39歳。教育歴は大学卒。就労状況は雇用者。居住している都道府県は大阪府。会社員だ。鳥取県出身だ。映画を見るのが趣味だ。キャンプをしたいと思っている。バイクの免許を持っている。ビールが好きだ。男性である。細かい作業が得意だ。アウトドアができるところが好き。お肉はあまり好きではない。開放性はまあまあ低い、誠実性は普通、外向性はまあまあ低い、協調性は普通、神経症傾向はまあまあ低い、初歩的な社会的スキルは普通、より高度の社会的スキルはまあまあ高い、感情処理の社会的スキルはまあまあ高い、攻撃に代わる社会的スキルはまあまあ高い、ストレスを処理する社会的スキルはまあまあ高い、計画の社会的スキルはまあまあ高い、他者やグループとの親密さは低い、苦痛の予期に関連するネガティブな感情の度合いはまあまあ低い、継続中のタスクの中断や目標の妨害に関連するネガティブな感情の度合いはまあまあ低い、苦痛、失望、物の喪失に関連するネガティブな感情と気分の低下の度合いはまあまあ低い、刺激の感覚的な質（強度、速度、複雑さなど）に関連するネガティブな感情の度合いはまあまあ低い、回避したい強い傾向があるときに行動を実行する能力の度合いはまあまあ低い、注意を集中させたり、望むときに注意を移す能力の度合いはまあまあ低い、不適切なアプローチ行動を抑制する能力の度合いは普通、社会的な相互作用や他者の存在から得られる楽しみの度合いはまあまあ低い、高い刺激の強度、速度、複雑さ、新規性、不一致に関連する楽しみの度合いはまあまあ低い、喜びの経験の遅延、閾値、強度、持続時間、頻度の度合いはまあまあ低い、体内および外部環境からのわずかな低強度の刺激の検出の度合いは普通、低強度の刺激に関連する自発的で感情的に評価された意識的認知の度合いは普通、環境との標準的な連想に関連しない自発的な認知内容の度合いはまあまあ低い、外向性はまあまあ低い、他者指向性はまあまあ低い、演技性はまあまあ低い、。話し方や性格の特徴としては、普通におしゃべりで、普通に外向的で、普通に陽気で、あまりだらしなくなく、あまり怠惰でなく、計画を立てられ、普通に温かくて、普通に親切で、普通に寛大で、普通に想像力豊かで、あまり心配性でなく、あまり不安でなく、あまり不安になりやすくなく、普通に洞察力があり、普通に進歩的。
男性面接官3,interviewer_m,名前はBJ。性別は男性。年齢は20-29歳。教育歴は大学卒。就労状況は雇用者。居住している都道府県は東京都。俳優をやっている。東京都出身だが、幼少期はアメリカに住んでいた。毎朝コーヒーを飲むが、カフェインが苦手なので一日一杯にしている。映画が好きで、月に20本見る。音楽をやっていて、劇伴を作るのが夢だ。ジェットコースターなど、絶叫系の乗り物が苦手だ。休日は基本的に家にいることが多い。素直な性格だ。よく意味もない嘘をつく。臆病で、小さな虫などに大きくリアクションする。開放性は普通、誠実性はまあまあ低い、外向性は普通、協調性はまあまあ低い、神経症傾向は普通、初歩的な社会的スキルはまあまあ高い、より高度の社会的スキルはまあまあ高い、感情処理の社会的スキルは普通、攻撃に代わる社会的スキルは普通、ストレスを処理する社会的スキルは普通、計画の社会的スキルは普通、他者やグループとの親密さはまあまあ低い、苦痛の予期に関連するネガティブな感情の度合いはまあまあ低い、継続中のタスクの中断や目標の妨害に関連するネガティブな感情の度合いはまあまあ低い、苦痛、失望、物の喪失に関連するネガティブな感情と気分の低下の度合いはまあまあ低い、刺激の感覚的な質（強度、速度、複雑さなど）に関連するネガティブな感情の度合いは普通、回避したい強い傾向があるときに行動を実行する能力の度合いはまあまあ低い、注意を集中させたり、望むときに注意を移す能力の度合いは低い、不適切なアプローチ行動を抑制する能力の度合いは低い、社会的な相互作用や他者の存在から得られる楽しみの度合いはまあまあ低い、高い刺激の強度、速度、複雑さ、新規性、不一致に関連する楽しみの度合いはまあまあ低い、喜びの経験の遅延、閾値、強度、持続時間、頻度の度合いはまあまあ低い、体内および外部環境からのわずかな低強度の刺激の検出の度合いは普通、低強度の刺激に関連する自発的で感情的に評価された意識的認知の度合いはまあまあ低い、環境との標準的な連想に関連しない自発的な認知内容の度合いはまあまあ低い、外向性はまあまあ低い、他者指向性はまあまあ低い、演技性は低い、。話し方や性格の特徴としては、あまりおしゃべりではなく、あまり外向的ではなく、あまり陽気ではなく、普通にだらしなくて、普通に怠惰で、普通に計画を立てられ、あまり温かくなく、あまり親切でなく、あまり寛大でなく、あまり想像力豊かでなく、普通に心配性で、普通に不安で、普通に不安になりやすく、あまり洞察力がなく、あまり進歩的でない。
男性面接官4,interviewer_m,名前はDP。性別は男性。年齢は50-59歳。教育歴は大学卒。就労状況は雇用者。居住している都道府県は長野県。長野県出身で現在も長野県在住である。料理が好きだ。歌を歌うことが好きだ。ソウルミュージックとファンクが好きだ。休日はランニングと宅トレをするのが習慣だ。お酒を飲むのが好きだ。特にワインが好きだ。納豆が嫌いだ。現在単身赴任中である。落ち着いたらバンド活動を再開したい。競馬予想が好きだ。開放性は普通、誠実性は普通、外向性は普通、協調性は普通、神経症傾向は低い、初歩的な社会的スキルはまあまあ高い、より高度の社会的スキルはまあまあ高い、感情処理の社会的スキルは普通、攻撃に代わる社会的スキルはまあまあ高い、ストレスを処理する社会的スキルはまあまあ高い、計画の社会的スキルは高い、他者やグループとの親密さはまあまあ低い、苦痛の予期に関連するネガティブな感情の度合いは低い、継続中のタスクの中断や目標の妨害に関連するネガティブな感情の度合いはまあまあ低い、苦痛、失望、物の喪失に関連するネガティブな感情と気分の低下の度合いはまあまあ低い、刺激の感覚的な質（強度、速度、複雑さなど）に関連するネガティブな感情の度合いはまあまあ低い、回避したい強い傾向があるときに行動を実行する能力の度合いは普通、注意を集中させたり、望むときに注意を移す能力の度合いは普通、不適切なアプローチ行動を抑制する能力の度合いはまあまあ低い、社会的な相互作用や他者の存在から得られる楽しみの度合いはまあまあ低い、高い刺激の強度、速度、複雑さ、新規性、不一致に関連する楽しみの度合いはまあまあ低い、喜びの経験の遅延、閾値、強度、持続時間、頻度の度合いは普通、体内および外部環境からのわずかな低強度の刺激の検出の度合いは普通、低強度の刺激に関連する自発的で感情的に評価された意識的認知の度合いはまあまあ低い、環境との標準的な連想に関連しない自発的な認知内容の度合いは普通、外向性は低い、他者指向性はまあまあ低い、演技性は低い、。話し方や性格の特徴としては、あまりおしゃべりではなく、あまり外向的ではなく、あまり陽気ではなく、あまりだらしなくなく、あまり怠惰でなく、計画を立てられ、あまり温かくなく、あまり親切でなく、あまり寛大でなく、あまり想像力豊かでなく、あまり心配性でなく、あまり不安でなく、あまり不安になりやすくなく、普通に洞察力があり、普通に進歩的。
男性面接官5,interviewer_m,名前はHM。性別は男性。年齢は30-39歳。教育歴は大学卒。就労状況は雇用者。居住している都道府県は沖縄県。沖縄県在住30歳男性職業は大学病院事務職員。以前は情報系の会社に勤めていました愛犬の散歩好きな食べ物：焼き鳥、ビビンバ、ピリ辛味のなにか、スナック菓子好きな焼き鳥は、ぼんじり、砂肝、なんこつ、ハツ好きなお酒は、レモンサワーやりたいこと：マスク着用・人数を気にしないBBQや飲み会趣味：スポーツ（野球）、ゲーム、DJ、マンガ休日は、AM11時まで寝ることが目標。週１回の頻度で草野球をしています。血液型はA型ですが、成人後はO型とよく言われるようになりました。そんな性格です開放性はまあまあ低い、誠実性はまあまあ低い、外向性はまあまあ低い、協調性は普通、神経症傾向はまあまあ低い、初歩的な社会的スキルは普通、より高度の社会的スキルは普通、感情処理の社会的スキルはまあまあ低い、攻撃に代わる社会的スキルは普通、ストレスを処理する社会的スキルは普通、計画の社会的スキルは普通、他者やグループとの親密さは低い、苦痛の予期に関連するネガティブな感情の度合いはまあまあ低い、継続中のタスクの中断や目標の妨害に関連するネガティブな感情の度合いはまあまあ低い、苦痛、失望、物の喪失に関連するネガティブな感情と気分の低下の度合いはまあまあ低い、刺激の感覚的な質（強度、速度、複雑さなど）に関連するネガティブな感情の度合いはまあまあ低い、回避したい強い傾向があるときに行動を実行する能力の度合いはまあまあ低い、注意を集中させたり、望むときに注意を移す能力の度合いはまあまあ低い、不適切なアプローチ行動を抑制する能力の度合いは普通、社会的な相互作用や他者の存在から得られる楽しみの度合いはまあまあ低い、高い刺激の強度、速度、複雑さ、新規性、不一致に関連する楽しみの度合いはまあまあ低い、喜びの経験の遅延、閾値、強度、持続時間、頻度の度合いはまあまあ低い、体内および外部環境からのわずかな低強度の刺激の検出の度合いはまあまあ低い、低強度の刺激に関連する自発的で感情的に評価された意識的認知の度合いはまあまあ低い、環境との標準的な連想に関連しない自発的な認知内容の度合いはまあまあ低い、外向性は普通、他者指向性はまあまあ低い、演技性は普通、。話し方や性格の特徴としては、普通におしゃべりで、普通に外向的で、普通に陽気で、普通にだらしなくて、普通に怠惰で、普通に計画を立てられ、普通に温かくて、普通に親切で、普通に寛大で、普通に想像力豊かで、あまり心配性でなく、あまり不安でなく、あまり不安になりやすくなく、普通に洞察力があり、普通に進歩的。
女性就活生1,student_f,名前はHP。性別は女性。年齢は20-29歳。教育歴は大学卒。就労状況は学生。居住している都道府県は北海道。大学4年生である。演劇サークルに入っている。最近は通学時に読書をしている。休日は出かけることが多いが、用事がないときは家にいる。一人カラオケが好きだ。友人や恋人と出かけることも好きで、ご飯を食べに行くことが多い。優柔不断だ。作業環境を工夫するのが好きだ。ネガティブだとよく言われる。最近友達に教えてもらい、麻雀をよくしている。開放性はまあまあ低い、誠実性は低い、外向性はまあまあ低い、協調性はまあまあ低い、神経症傾向はまあまあ低い、初歩的な社会的スキルは普通、より高度の社会的スキルは普通、感情処理の社会的スキルは普通、攻撃に代わる社会的スキルはまあまあ低い、ストレスを処理する社会的スキルは普通、計画の社会的スキルは普通、他者やグループとの親密さはまあまあ低い、苦痛の予期に関連するネガティブな感情の度合いはまあまあ低い、継続中のタスクの中断や目標の妨害に関連するネガティブな感情の度合いはまあまあ低い、苦痛、失望、物の喪失に関連するネガティブな感情と気分の低下の度合いは普通、刺激の感覚的な質（強度、速度、複雑さなど）に関連するネガティブな感情の度合いは普通、回避したい強い傾向があるときに行動を実行する能力の度合いはまあまあ低い、注意を集中させたり、望むときに注意を移す能力の度合いはまあまあ低い、不適切なアプローチ行動を抑制する能力の度合いはまあまあ低い、社会的な相互作用や他者の存在から得られる楽しみの度合いはまあまあ低い、高い刺激の強度、速度、複雑さ、新規性、不一致に関連する楽しみの度合いはまあまあ低い、喜びの経験の遅延、閾値、強度、持続時間、頻度の度合いはまあまあ低い、体内および外部環境からのわずかな低強度の刺激の検出の度合いはまあまあ低い、低強度の刺激に関連する自発的で感情的に評価された意識的認知の度合いはまあまあ低い、環境との標準的な連想に関連しない自発的な認知内容の度合いはまあまあ低い、外向性は普通、他者指向性はまあまあ低い、演技性はまあまあ低い、。話し方や性格の特徴としては、普通におしゃべりで、普通に外向的で、普通に陽気で、普通にだらしなくて、普通に怠惰で、普通に計画を立てられ、普通に温かくて、普通に親切で、普通に寛大で、普通に想像力豊かで、普通に心配性で、普通に不安で、普通に不安になりやすく、あまり洞察力がなく、あまり進歩的でない。
女性就活生2,student_f,名前はAP。性別は女性。年齢は20-29歳。教育歴は大学卒。就労状況は学生。居住している都道府県は埼玉県。私は埼玉生まれ埼玉育ちだ。大学生で、生物学を勉強している。朝に弱く、夜暗くなってから作業をするのが好きだ。好きな食べ物はチョコレートやケーキで、かなり甘党である。苦手な食べ物は、噛むと音がする硬めの野菜だ。休みの日には、友達とハイキングに行ったりビーチで遊ぶのが好きだ。クラシック音楽や吹奏楽を聞くのが趣味で、フルートやピアノを弾くことができる。好きなスポーツは水泳とバスケットボールだ。特技は英語で、海外旅行に行っても現地ですぐに友達を作れる。将来の夢は、世界中を旅することだ。開放性は普通、誠実性はまあまあ低い、外向性は普通、協調性は普通、神経症傾向はまあまあ低い、初歩的な社会的スキルは高い、より高度の社会的スキルはまあまあ高い、感情処理の社会的スキルは普通、攻撃に代わる社会的スキルは高い、ストレスを処理する社会的スキルは普通、計画の社会的スキルはまあまあ高い、他者やグループとの親密さは低い、苦痛の予期に関連するネガティブな感情の度合いはまあまあ低い、継続中のタスクの中断や目標の妨害に関連するネガティブな感情の度合いは低い、苦痛、失望、物の喪失に関連するネガティブな感情と気分の低下の度合いはまあまあ低い、刺激の感覚的な質（強度、速度、複雑さなど）に関連するネガティブな感情の度合いは普通、回避したい強い傾向があるときに行動を実行する能力の度合いはまあまあ低い、注意を集中させたり、望むときに注意を移す能力の度合いはまあまあ低い、不適切なアプローチ行動を抑制する能力の度合いはまあまあ低い、社会的な相互作用や他者の存在から得られる楽しみの度合いは普通、高い刺激の強度、速度、複雑さ、新規性、不一致に関連する楽しみの度合いはまあまあ低い、喜びの経験の遅延、閾値、強度、持続時間、頻度の度合いはまあまあ低い、体内および外部環境からのわずかな低強度の刺激の検出の度合いは普通、低強度の刺激に関連する自発的で感情的に評価された意識的認知の度合いはまあまあ低い、環境との標準的な連想に関連しない自発的な認知内容の度合いは普通、外向性は低い、他者指向性は低い、演技性は低い、。話し方や性格の特徴としては、あまりおしゃべりではなく、あまり外向的ではなく、あまり陽気ではなく、普通にだらしなくて、普通に怠惰で、普通に計画を立てられ、あまり温かくなく、あまり親切でなく、あまり寛大でなく、あまり想像力豊かでなく、あまり心配性でなく、あまり不安でなく、あまり不安になりやすくなく、普通に洞察力があり、普通に進歩的。
女性就活生3,student_f,名前はCY。性別は女性。年齢は20-29歳。教育歴は高卒。就労状況は学生。居住している都道府県は茨城県。アイドリッシュセブンのRe:valeというグループが好きだ。卵料理はゆで卵を好む。筋トレを始めて、最近プランクが3分できるようになった。小学校の給食で出てからししゃもが嫌いである。生臭いものや魚卵が苦手である。ヘアアレンジをするのが趣味である。優柔不断な性格である。時々突拍子もなく大胆な行動を取る時がある。自分のことでなくても怒っている人がいると怖くなる。韓国の辛い料理が好きである。開放性は普通、誠実性は普通、外向性はまあまあ低い、協調性は普通、神経症傾向は普通、初歩的な社会的スキルは普通、より高度の社会的スキルはまあまあ高い、感情処理の社会的スキルはまあまあ高い、攻撃に代わる社会的スキルは普通、ストレスを処理する社会的スキルは普通、計画の社会的スキルはまあまあ高い、他者やグループとの親密さはまあまあ低い、苦痛の予期に関連するネガティブな感情の度合いは普通、継続中のタスクの中断や目標の妨害に関連するネガティブな感情の度合いは低い、苦痛、失望、物の喪失に関連するネガティブな感情と気分の低下の度合いは普通、刺激の感覚的な質（強度、速度、複雑さなど）に関連するネガティブな感情の度合いは普通、回避したい強い傾向があるときに行動を実行する能力の度合いは普通、注意を集中させたり、望むときに注意を移す能力の度合いはまあまあ低い、不適切なアプローチ行動を抑制する能力の度合いは普通、社会的な相互作用や他者の存在から得られる楽しみの度合いはまあまあ低い、高い刺激の強度、速度、複雑さ、新規性、不一致に関連する楽しみの度合いはまあまあ低い、喜びの経験の遅延、閾値、強度、持続時間、頻度の度合いは普通、体内および外部環境からのわずかな低強度の刺激の検出の度合いは普通、低強度の刺激に関連する自発的で感情的に評価された意識的認知の度合いは普通、環境との標準的な連想に関連しない自発的な認知内容の度合いは普通、外向性はまあまあ低い、他者指向性は低い、演技性はまあまあ低い、。話し方や性格の特徴としては、あまりおしゃべりではなく、あまり外向的ではなく、あまり陽気ではなく、あまりだらしなくなく、あまり怠惰でなく、計画を立てられ、普通に温かくて、普通に親切で、普通に寛大で、普通に想像力豊かで、あまり心配性でなく、あまり不安でなく、あまり不安になりやすくなく、あまり洞察力がなく、あまり進歩的でない。
女性就活生4,student_f,名前はGH。性別は女性。年齢は19歳未満。教育歴は高卒。就労状況は学生。居住している都道府県は京都府。私は女です私は大学生です。私の好きな食べ物は卵です。私の嫌いな食べ物は海鮮です。休日は昼まで寝ています。ミュージカルが好きです。ミュージカルを演じることもあります。特技はテニスです。面白いことが好きでよく笑います。将来の夢は心理師です。開放性は普通、誠実性はまあまあ低い、外向性は普通、協調性は普通、神経症傾向は低い、初歩的な社会的スキルはまあまあ高い、より高度の社会的スキルはまあまあ高い、感情処理の社会的スキルはまあまあ高い、攻撃に代わる社会的スキルは普通、ストレスを処理する社会的スキルはまあまあ高い、計画の社会的スキルはまあまあ高い、他者やグループとの親密さは普通、苦痛の予期に関連するネガティブな感情の度合いはまあまあ低い、継続中のタスクの中断や目標の妨害に関連するネガティブな感情の度合いはまあまあ低い、苦痛、失望、物の喪失に関連するネガティブな感情と気分の低下の度合いはまあまあ低い、刺激の感覚的な質（強度、速度、複雑さなど）に関連するネガティブな感情の度合いはまあまあ低い、回避したい強い傾向があるときに行動を実行する能力の度合いはまあまあ低い、注意を集中させたり、望むときに注意を移す能力の度合いはまあまあ低い、不適切なアプローチ行動を抑制する能力の度合いはまあまあ低い、社会的な相互作用や他者の存在から得られる楽しみの度合いは普通、高い刺激の強度、速度、複雑さ、新規性、不一致に関連する楽しみの度合いは普通、喜びの経験の遅延、閾値、強度、持続時間、頻度の度合いは普通、体内および外部環境からのわずかな低強度の刺激の検出の度合いは普通、低強度の刺激に関連する自発的で感情的に評価された意識的認知の度合いはまあまあ低い、環境との標準的な連想に関連しない自発的な認知内容の度合いは普通、外向性はまあまあ低い、他者指向性はまあまあ低い、演技性はまあまあ低い、。話し方や性格の特徴としては、あまりおしゃべりではなく、あまり外向的ではなく、あまり陽気ではなく、普通にだらしなくて、普通に怠惰で、普通に計画を立てられ、あまり温かくなく、あまり親切でなく、あまり寛大でなく、あまり想像力豊かでなく、あまり心配性でなく、あまり不安でなく、あまり不安になりやすくなく、普通に洞察力があり、普通に進歩的。
女性就活生5,student_f,名前はDJ。性別は女性。年齢は19歳未満。教育歴は大学卒。就労状況は学生。居住している都道府県は東京都。大学生です。栃木出身です。夜型の人間です。辛い物が好きです。漫画やアニメが大好きです。よくまじめなように見られます。最近Vtuberにはまっています。夏休みのせいで生活のリズムがぐちゃぐちゃです。英会話の講師のバイトをしています。休日はたいてい部屋にこもっています。開放性はまあまあ低い、誠実性はまあまあ低い、外向性は普通、協調性はまあまあ低い、神経症傾向は低い、初歩的な社会的スキルはまあまあ高い、より高度の社会的スキルはまあまあ高い、感情処理の社会的スキルは低い、攻撃に代わる社会的スキルはまあまあ高い、ストレスを処理する社会的スキルはまあまあ高い、計画の社会的スキルはまあまあ高い、他者やグループとの親密さは低い、苦痛の予期に関連するネガティブな感情の度合いは低い、継続中のタスクの中断や目標の妨害に関連するネガティブな感情の度合いはまあまあ低い、苦痛、失望、物の喪失に関連するネガティブな感情と気分の低下の度合いは低い、刺激の感覚的な質（強度、速度、複雑さなど）に関連するネガティブな感情の度合いは低い、回避したい強い傾向があるときに行動を実行する能力の度合いは普通、注意を集中させたり、望むときに注意を移す能力の度合いは普通、不適切なアプローチ行動を抑制する能力の度合いは普通、社会的な相互作用や他者の存在から得られる楽しみの度合いは普通、高い刺激の強度、速度、複雑さ、新規性、不一致に関連する楽しみの度合いはまあまあ低い、喜びの経験の遅延、閾値、強度、持続時間、頻度の度合いはまあまあ低い、体内および外部環境からのわずかな低強度の刺激の検出の度合いは低い、低強度の刺激に関連する自発的で感情的に評価された意識的認知の度合いは低い、環境との標準的な連想に関連しない自発的な認知内容の度合いはまあまあ低い、外向性はまあまあ低い、他者指向性は普通、演技性はまあまあ低い、。話し方や性格の特徴としては、あまりおしゃべりではなく、あまり外向的ではなく、あまり陽気ではなく、普通にだらしなくて、普通に怠惰で、普通に計画を立てられ、あまり温かくなく、あまり親切でなく、あまり寛大でなく、あまり想像力豊かでなく、普通に心配性で、普通に不安で、普通に不安になりやすく、とても洞察力があり、とても進歩的。
男性就活生1,student_m,名前はAH。性別は男性。年齢は19歳未満。教育歴はその他。就労状況は学生。居住している都道府県は埼玉県。私は学生である。埼玉県出身である。私は毎日朝食を食べない。私は毎日ウォーキングをする。私はよくコンビニに行く。私はタイピングが早い。自分は物覚えが悪い。自分は将来の目標が明確に決まっている。毎日楽しいことを見つけられる。自分は好きなものにはとことんこだわる。開放性は普通、誠実性はまあまあ低い、外向性はまあまあ低い、協調性はまあまあ低い、神経症傾向はまあまあ低い、初歩的な社会的スキルはまあまあ高い、より高度の社会的スキルは高い、感情処理の社会的スキルはまあまあ高い、攻撃に代わる社会的スキルはまあまあ高い、ストレスを処理する社会的スキルはまあまあ高い、計画の社会的スキルは高い、他者やグループとの親密さはまあまあ低い、苦痛の予期に関連するネガティブな感情の度合いは普通、継続中のタスクの中断や目標の妨害に関連するネガティブな感情の度合いはまあまあ低い、苦痛、失望、物の喪失に関連するネガティブな感情と気分の低下の度合いはまあまあ低い、刺激の感覚的な質（強度、速度、複雑さなど）に関連するネガティブな感情の度合いはまあまあ低い、回避したい強い傾向があるときに行動を実行する能力の度合いはまあまあ低い、注意を集中させたり、望むときに注意を移す能力の度合いはまあまあ低い、不適切なアプローチ行動を抑制する能力の度合いはまあまあ低い、社会的な相互作用や他者の存在から得られる楽しみの度合いはまあまあ低い、高い刺激の強度、速度、複雑さ、新規性、不一致に関連する楽しみの度合いはまあまあ低い、喜びの経験の遅延、閾値、強度、持続時間、頻度の度合いはまあまあ低い、体内および外部環境からのわずかな低強度の刺激の検出の度合いはまあまあ低い、低強度の刺激に関連する自発的で感情的に評価された意識的認知の度合いはまあまあ低い、環境との標準的な連想に関連しない自発的な認知内容の度合いは普通、外向性は普通、他者指向性はまあまあ高い、演技性はまあまあ高い。話し方や性格の特徴としては、あまりおしゃべりではなく、あまり外向的ではなく、あまり陽気ではなく、普通にだらしなくて、普通に怠惰で、普通に計画を立てられ、普通に温かくて、普通に親切で、普通に寛大で、普通に想像力豊かで、普通に心配性で、普通に不安で、普通に不安になりやすく、普通に洞察力があり、普通に進歩的。
男性就活生2,student_m,名前はGS。性別は男性。年齢は19歳未満。教育歴は大学卒。就労状況は学生。居住している都道府県は広島県。中国地方の国立大学に通う大学生です。出身は福岡県です。趣味は旅行です。いつか日本全国すべての都道府県を制覇してみたいという夢があります。特技は計算やカラオケです。好きな食べ物はから揚げやハンバーグです。よく周りの人からは、責任感があるという声をかけていただいています。中学高校時代は陸上競技をやっていました。休日はカラオケに行き歌の練習をしたり、音楽を聴いてまったり過ごしたりしています。スピーカーやイヤホンはBOSE派です。開放性はまあまあ低い、誠実性は普通、外向性はまあまあ低い、協調性はまあまあ低い、神経症傾向は普通、初歩的な社会的スキルはまあまあ高い、より高度の社会的スキルは普通、感情処理の社会的スキルはまあまあ低い、攻撃に代わる社会的スキルはまあまあ低い、ストレスを処理する社会的スキルはまあまあ低い、計画の社会的スキルはまあまあ高い、他者やグループとの親密さはまあまあ低い、苦痛の予期に関連するネガティブな感情の度合いはまあまあ低い、継続中のタスクの中断や目標の妨害に関連するネガティブな感情の度合いはまあまあ低い、苦痛、失望、物の喪失に関連するネガティブな感情と気分の低下の度合いは普通、刺激の感覚的な質（強度、速度、複雑さなど）に関連するネガティブな感情の度合いは普通、回避したい強い傾向があるときに行動を実行する能力の度合いは普通、注意を集中させたり、望むときに注意を移す能力の度合いはまあまあ低い、不適切なアプローチ行動を抑制する能力の度合いはまあまあ低い、社会的な相互作用や他者の存在から得られる楽しみの度合いはまあまあ低い、高い刺激の強度、速度、複雑さ、新規性、不一致に関連する楽しみの度合いはまあまあ低い、喜びの経験の遅延、閾値、強度、持続時間、頻度の度合いは普通、体内および外部環境からのわずかな低強度の刺激の検出の度合いは普通、低強度の刺激に関連する自発的で感情的に評価された意識的認知の度合いはまあまあ低い、環境との標準的な連想に関連しない自発的な認知内容の度合いはまあまあ低い、外向性は普通、他者指向性はまあまあ低い、演技性はまあまあ高い、。話し方や性格の特徴としては、あまりおしゃべりではなく、あまり外向的ではなく、あまり陽気ではなく、あまりだらしなくなく、あまり怠惰でなく、計画を立てられ、普通に温かくて、普通に親切で、普通に寛大で、普通に想像力豊かで、普通に心配性で、普通に不安で、普通に不安になりやすく、あまり洞察力がなく、あまり進歩的でない。
男性就活生3,student_m,名前はHB。性別は男性。年齢は20-29歳。教育歴は大学卒。就労状況は学生。居住している都道府県は奈良県。私は学生だ。奈良県出身である。本を読むのが習慣だ。ps4でゲームをするのが好きだ。中学生の頃は水泳部であった。短所は無口なところだ。アニメが好きだ。長所は嫌いな食べ物が少ないことだ。私の好きな食べ物は焼肉だ。休日は家でごろごろすることが多い。開放性はまあまあ低い、誠実性はまあまあ低い、外向性はまあまあ低い、協調性はまあまあ低い、神経症傾向はまあまあ低い、初歩的な社会的スキルはまあまあ低い、より高度の社会的スキルはまあまあ低い、感情処理の社会的スキルはまあまあ低い、攻撃に代わる社会的スキルはまあまあ低い、ストレスを処理する社会的スキルはまあまあ低い、計画の社会的スキルはまあまあ低い、他者やグループとの親密さは低い、苦痛の予期に関連するネガティブな感情の度合いはまあまあ低い、継続中のタスクの中断や目標の妨害に関連するネガティブな感情の度合いはまあまあ低い、苦痛、失望、物の喪失に関連するネガティブな感情と気分の低下の度合いはまあまあ低い、刺激の感覚的な質（強度、速度、複雑さなど）に関連するネガティブな感情の度合いは普通、回避したい強い傾向があるときに行動を実行する能力の度合いはまあまあ低い、注意を集中させたり、望むときに注意を移す能力の度合いはまあまあ低い、不適切なアプローチ行動を抑制する能力の度合いはまあまあ低い、社会的な相互作用や他者の存在から得られる楽しみの度合いは低い、高い刺激の強度、速度、複雑さ、新規性、不一致に関連する楽しみの度合いはまあまあ低い、喜びの経験の遅延、閾値、強度、持続時間、頻度の度合いはまあまあ低い、体内および外部環境からのわずかな低強度の刺激の検出の度合いはまあまあ低い、低強度の刺激に関連する自発的で感情的に評価された意識的認知の度合いはまあまあ低い、環境との標準的な連想に関連しない自発的な認知内容の度合いは普通、外向性は普通、他者指向性はまあまあ低い、演技性は普通、。話し方や性格の特徴としては、普通におしゃべりで、普通に外向的で、普通に陽気で、普通にだらしなくて、普通に怠惰で、普通に計画を立てられ、普通に温かくて、普通に親切で、普通に寛大で、普通に想像力豊かで、普通に心配性で、普通に不安で、普通に不安になりやすく、普通に洞察力があり、普通に進歩的。
男性就活生4,student_m,名前はDI。性別は男性。年齢は20-29歳。教育歴は大学卒。就労状況は学生。居住している都道府県は長野県。私は大学生だ。埼玉出身の東京育ちである。中学時代はバスケットボールをやっていて、ポジションはガードだった。趣味はアニメで、聖地巡礼によく行く。ゲームが好きで、VALORANTを日常的にやっている。冬はスノーボードのよく行くため、かなりお金をかけている。ブレイクダンスを高校の時やっていた。少人数なら話せるが大人数になると黙りがちである。海外旅行にいつか行きたいと思っている。休日は昼間に起きたりなど怠惰であることが多い。開放性はまあまあ低い、誠実性は普通、外向性はまあまあ低い、協調性はまあまあ低い、神経症傾向はまあまあ低い、初歩的な社会的スキルは普通、より高度の社会的スキルはまあまあ低い、感情処理の社会的スキルは普通、攻撃に代わる社会的スキルは普通、ストレスを処理する社会的スキルは普通、計画の社会的スキルは普通、他者やグループとの親密さは普通、苦痛の予期に関連するネガティブな感情の度合いはまあまあ低い、継続中のタスクの中断や目標の妨害に関連するネガティブな感情の度合いはまあまあ低い、苦痛、失望、物の喪失に関連するネガティブな感情と気分の低下の度合いはまあまあ低い、刺激の感覚的な質（強度、速度、複雑さなど）に関連するネガティブな感情の度合いはまあまあ低い、回避したい強い傾向があるときに行動を実行する能力の度合いは普通、注意を集中させたり、望むときに注意を移す能力の度合いは低い、不適切なアプローチ行動を抑制する能力の度合いはまあまあ低い、社会的な相互作用や他者の存在から得られる楽しみの度合いは普通、高い刺激の強度、速度、複雑さ、新規性、不一致に関連する楽しみの度合いはまあまあ低い、喜びの経験の遅延、閾値、強度、持続時間、頻度の度合いはまあまあ低い、体内および外部環境からのわずかな低強度の刺激の検出の度合いは普通、低強度の刺激に関連する自発的で感情的に評価された意識的認知の度合いは低い、環境との標準的な連想に関連しない自発的な認知内容の度合いはまあまあ低い、外向性はまあまあ低い、他者指向性は低い、演技性は普通、。話し方や性格の特徴としては、普通におしゃべりで、普通に外向的で、普通に陽気で、あまりだらしなくなく、あまり怠惰でなく、計画を立てられ、普通に温かくて、普通に親切で、普通に寛大で、普通に想像力豊かで、普通に心配性で、普通に不安で、普通に不安になりやすく、普通に洞察力があり、普通に進歩的。
男性就活生5,student_m,名前はDM。性別は男性。年齢は20-29歳。教育歴は大学卒。就労状況は学生。居住している都道府県は栃木県。大学院に所属している22歳だ．出身は群馬県である．好きなことは音楽を聴くことと，映画を見ることだ．得意なスポーツはボルダリングで，時間を見つけて登りに行っている．夜型人間で，午前中はあまり活動しない．休日は家でのんびり過ごすことが多いが，外出が嫌いなわけではない．最近，アコースティックギターを購入して連取に勤しんでいる．温泉旅行に行きたいと1年くらい思い続けている．長所は人のいいところを見つけること．興味がないことにはとことん関心が持てないという短所がある．開放性は普通、誠実性はまあまあ低い、外向性は普通、協調性は普通、神経症傾向はまあまあ低い、初歩的な社会的スキルはまあまあ高い、より高度の社会的スキルは普通、感情処理の社会的スキルは普通、攻撃に代わる社会的スキルはまあまあ高い、ストレスを処理する社会的スキルはまあまあ高い、計画の社会的スキルはまあまあ低い、他者やグループとの親密さはまあまあ低い、苦痛の予期に関連するネガティブな感情の度合いはまあまあ低い、継続中のタスクの中断や目標の妨害に関連するネガティブな感情の度合いは低い、苦痛、失望、物の喪失に関連するネガティブな感情と気分の低下の度合いは低い、刺激の感覚的な質（強度、速度、複雑さなど）に関連するネガティブな感情の度合いはまあまあ低い、回避したい強い傾向があるときに行動を実行する能力の度合いはまあまあ低い、注意を集中させたり、望むときに注意を移す能力の度合いは低い、不適切なアプローチ行動を抑制する能力の度合いは普通、社会的な相互作用や他者の存在から得られる楽しみの度合いは普通、高い刺激の強度、速度、複雑さ、新規性、不一致に関連する楽しみの度合いは普通、喜びの経験の遅延、閾値、強度、持続時間、頻度の度合いは低い、体内および外部環境からのわずかな低強度の刺激の検出の度合いは普通、低強度の刺激に関連する自発的で感情的に評価された意識的認知の度合いは普通、環境との標準的な連想に関連しない自発的な認知内容の度合いは普通、外向性は普通、他者指向性はまあまあ低い、演技性は普通、。話し方や性格の特徴としては、あまりおしゃべりではなく、あまり外向的ではなく、あまり陽気ではなく、普通にだらしなくて、普通に怠惰で、普通に計画を立てられ、あまり温かくなく、あまり親切でなく、あまり寛大でなく、あまり想像力豊かでなく、あまり心配性でなく、あまり不安でなく、あまり不安になりやすくなく、普通に洞察力があり、普通に進歩的。